[
  {
    "numPassedTests": 1,
    "failedTests": 0,
    "numTotalTests": 1,
    "timestamp": 1734140308120,
    "success": true
  },
  {
    "commitId": "53c2cf3ffb2efc191fbdcc310faf86998f20162b",
    "commitName": "primero",
    "commitTimestamp": 1734141401803
  },
  {
    "numPassedTests": 2,
    "failedTests": 0,
    "numTotalTests": 2,
    "timestamp": 1734141602869,
    "success": true
  },
  {
    "commitId": "910911bf52b3466eed54243975c1b6ec0183f9b7",
    "commitName": "sumara num posi y nega",
    "commitTimestamp": 1734141657494
  },
  {
    "numPassedTests": 2,
    "failedTests": 0,
    "numTotalTests": 2,
    "timestamp": 1734141674735,
    "success": true
  },
  {
    "numPassedTests": 3,
    "failedTests": 0,
    "numTotalTests": 3,
    "timestamp": 1734141712808,
    "success": true
  },
  {
    "commitId": "4cca7f16b85558ef17499188943fa8d8041a7797",
    "commitName": "maneja ceros",
    "commitTimestamp": 1734141744527
  },
  {
    "numPassedTests": 3,
    "failedTests": 0,
    "numTotalTests": 3,
    "timestamp": 1734141847499,
    "success": true
  },
  {
    "numPassedTests": 3,
    "failedTests": 0,
    "numTotalTests": 3,
    "timestamp": 1734141893916,
    "success": true
  },
  {
    "numPassedTests": 3,
    "failedTests": 0,
    "numTotalTests": 3,
    "timestamp": 1734141911074,
    "success": true
  },
  {
    "numPassedTests": 3,
    "failedTests": 0,
    "numTotalTests": 3,
    "timestamp": 1734142278270,
    "success": true
  },
  {
    "numPassedTests": 2,
    "failedTests": 1,
    "numTotalTests": 3,
    "timestamp": 1734142323789,
    "success": false
  },
  {
    "numPassedTests": 3,
    "failedTests": 0,
    "numTotalTests": 3,
    "timestamp": 1734142352950,
    "success": true
  },
  {
    "commitId": "e6425b2d123e19de5c4fc1e1d8342dd159cf3e47",
    "commitName": "final",
    "commitTimestamp": 1734143235161
  },
  {
    "numPassedTests": 3,
    "failedTests": 0,
    "numTotalTests": 3,
    "timestamp": 1734143241229,
    "success": true
  },
  {
    "numPassedTests": 3,
    "failedTests": 0,
    "numTotalTests": 3,
    "timestamp": 1734143331198,
    "success": true
  }
]